{"cameraMode":{"drawMode":0,"name":"Shaded","section":"Shading Mode"},"sceneLighting":true,"audioPlay":false,"sceneViewState":{"m_AlwaysRefresh":false,"showFog":true,"showSkybox":true,"showFlares":true,"showImageEffects":true,"showParticleSystems":true,"showVisualEffectGraphs":true,"m_FxEnabled":false},"in2DMode":false,"pivot":{"x":21.520709991455079,"y":15.560286521911621,"z":2.889453887939453},"rotation":{"x":0.06261101365089417,"y":0.1963140219449997,"z":-0.012552102096378804,"w":0.9784901142120361},"size":21.520889282226564,"orthographic":true}