{"cameraMode":{"drawMode":0,"name":"Shaded","section":"Shading Mode"},"sceneLighting":false,"audioPlay":false,"sceneViewState":{"m_AlwaysRefresh":false,"showFog":true,"showSkybox":false,"showFlares":true,"showImageEffects":true,"showParticleSystems":true,"showVisualEffectGraphs":true,"m_FxEnabled":false},"in2DMode":false,"pivot":{"x":-0.013256758451461792,"y":0.6420272588729858,"z":-0.14360713958740235},"rotation":{"x":0.0014808430569246412,"y":0.9983953237533569,"z":-0.049159325659275058,"w":0.029651615768671037},"size":0.8545625805854797,"orthographic":true}