{"cameraMode":{"drawMode":0,"name":"Shaded","section":"Shading Mode"},"sceneLighting":false,"audioPlay":false,"sceneViewState":{"m_AlwaysRefresh":false,"showFog":true,"showSkybox":false,"showFlares":true,"showImageEffects":true,"showParticleSystems":true,"showVisualEffectGraphs":true,"m_FxEnabled":false},"in2DMode":false,"pivot":{"x":-0.013256758451461792,"y":0.6420272588729858,"z":-0.14360713958740235},"rotation":{"x":0.019416209310293199,"y":0.9805216789245606,"z":-0.14638231694698335,"w":0.12987364828586579},"size":0.7108163237571716,"orthographic":true}