{"cameraMode":{"drawMode":0,"name":"Shaded","section":"Shading Mode"},"sceneLighting":false,"audioPlay":false,"sceneViewState":{"m_AlwaysRefresh":false,"showFog":true,"showSkybox":false,"showFlares":true,"showImageEffects":true,"showParticleSystems":true,"showVisualEffectGraphs":true,"m_FxEnabled":false},"in2DMode":false,"pivot":{"x":-0.32178768515586855,"y":0.61939537525177,"z":-0.21988454461097718},"rotation":{"x":0.004501699935644865,"y":0.995539128780365,"z":-0.06400107592344284,"w":0.06999409198760987},"size":0.6338052749633789,"orthographic":true}