{"cameraMode":{"drawMode":0,"name":"Shaded","section":"Shading Mode"},"sceneLighting":false,"audioPlay":false,"sceneViewState":{"m_AlwaysRefresh":false,"showFog":true,"showSkybox":false,"showFlares":true,"showImageEffects":true,"showParticleSystems":true,"showVisualEffectGraphs":true,"m_FxEnabled":false},"in2DMode":false,"pivot":{"x":-1.8255752325057984,"y":0.4750072658061981,"z":0.7880577445030212},"rotation":{"x":0.0983796939253807,"y":0.16343416273593903,"z":-0.016378844156861306,"w":0.9815097451210022},"size":1.4306305646896363,"orthographic":true}